slug	index	source_url	local_file	format	width	height
carrotcard	01	https://play-lh.googleusercontent.com/f2Ch8Ogjk3-89NCiV4-rqX31Hl9cFyEejqp93oOo8zWfJkHERV68GRF-p8liuM6YUQphMEaaeZakgP5GKCPE=w1600	assets/screenshots/carrotcard/01.png	PNG	1080	2400
carrotcard	02	https://play-lh.googleusercontent.com/xebgQ9w8ztaJZyeZr7SNTB427RN_7bHk_kO1heeBZwVexibZGVBQzgxAAVLQvr4xUxaYwfd-CpeXc8DYyyzf=w1600	assets/screenshots/carrotcard/02.png	PNG	1080	2400
carrotcard	03	https://play-lh.googleusercontent.com/ZWxJb65qwC-MktLpt18fu-GB57LRvSefI409RP5sDATXpRpN9NdYlTWKONmpANHeBiE4EJie9h2UjmZ2FAWcKyo=w1600	assets/screenshots/carrotcard/03.png	PNG	1080	2400
maedo-signal	01	https://play-lh.googleusercontent.com/7cY3ni3kpW2cruwsFcYfc7iQMOGvBvkWIf2gL56YLwI877omYfNxnwikYWml3J5i28OLrRf0HUiWMwKUVWPAK8I=w1600	assets/screenshots/maedo-signal/01.png	PNG	1080	2206
maedo-signal	02	https://play-lh.googleusercontent.com/BFLtKkjINjvmWCjUBD_8xqSDDZAfL1yEMi31jbKeJkByvCE8__6KtJTu-aq52ZOQ2xaA10Yy6eW9UtA3QcZGTQ=w1600	assets/screenshots/maedo-signal/02.png	PNG	1080	2206
maedo-signal	03	https://play-lh.googleusercontent.com/DW8_ZhjvrlpFM4vr-iAb9VBiGY80iOy5n554QFFhcYf3kEwpdcy8xOYQXKkWdHYRlr-1wAJHKaEX_kHTAJmmV_k=w1600	assets/screenshots/maedo-signal/03.png	PNG	1080	2206
gps-speed-go	01	https://play-lh.googleusercontent.com/UfNCxu8nrPOZHOiGJoZ6S4hsw13V2EgyP716kS88U9i8lox6xqa99H_C3udVIEl3pvNUTuixrapx6brWMwJ9bw=w1600	assets/screenshots/gps-speed-go/01.png	PNG	1080	2400
gps-speed-go	02	https://play-lh.googleusercontent.com/FD1F4woA3jbU34qNhCQ6OuHFe2OE5wg2KbTLsHu1bbTNKWUInQX0G2fqFxfdldDnZrwFWZvDLuNl-LpWAI9k=w1600	assets/screenshots/gps-speed-go/02.png	PNG	1080	2400
gps-speed-go	03	https://play-lh.googleusercontent.com/8gdn9sBB4QhchNBRvx9izQ4wKFomFDZC1hMaaTKaJrHT01FaBxQ3Hs21_FGe3hRXmiWIGdmEck_Drnth4QuCPkk=w1600	assets/screenshots/gps-speed-go/03.png	PNG	1080	2400
ttcal	01	https://play-lh.googleusercontent.com/v_bD2Htdhr0lPlPUwCBqWmf5bxMIQSKTPc46D3pmkS3OlAeNmY1xTylL01FxMSoJFktvYPak8an9Cds7jsVuRQ=w1600	assets/screenshots/ttcal/01.png	PNG	1080	2400
ttcal	02	https://play-lh.googleusercontent.com/p4b_UpMLKre5H6zIlG9jt25RWSkGW_jpOh7goKl5UFeiFqm3LD6Sio2brF_jrL7ixNHm6P2_r_gyRR4D71CWxA=w1600	assets/screenshots/ttcal/02.png	PNG	1080	2400
ttcal	03	https://play-lh.googleusercontent.com/59FweBmEZPwrfTDTugkSTHyCEFnWFs5gj6Z_LXke44CNTeSy8Tranv3BqqoXZWiHit0-OSYYB9w7TGKvptDfOQ=w1600	assets/screenshots/ttcal/03.png	PNG	1080	2400
retro-timestamp	01	https://play-lh.googleusercontent.com/p4rxnMj3E6XrWQFgUnqPlY1UI6VvQPE8q_uXBD0Zy4TqP1lZ33bi91nvCOxDmrQJiKPskCs6mMhSoZo3-2CLe8w=w1600	assets/screenshots/retro-timestamp/01.jpg	JPEG	1080	2400
retro-timestamp	02	https://play-lh.googleusercontent.com/NCgrCfWF5fm1zeSqaZFY5q45MuHmYfy5yYsRwYhYEI1Ye-T-Q1yAsHNV2cSDWAtpat7iSs1xBZXscs-rIoUmzdQ=w1600	assets/screenshots/retro-timestamp/02.jpg	JPEG	922	2048
retro-timestamp	03	https://play-lh.googleusercontent.com/5FG7GPaxDNXYZjxOVJ1cL57pA_sxtkVZ20VShO5AlJPZz21hylZERfHpsaYT6dBGmaFn8ee5V9OZ7dVPkpyi=w1600	assets/screenshots/retro-timestamp/03.jpg	JPEG	1080	2400
motion-ease	01	https://play-lh.googleusercontent.com/GKTUHDMdZ5ymqFqyuWhWrE-bAuv7eAjEWCu_pcrnlgTTfIOQOb9sueqQDZjmz76oLJEkZ2JH4vTg7SBRz1Be5Ik=w1600	assets/screenshots/motion-ease/01.png	PNG	1080	1920
motion-ease	02	https://play-lh.googleusercontent.com/YhLCcKkOfy-fm5AvBGYXkp-yNQ2tOzHU3JUpNHCamSIPyNCMRF7xKm38OWMFQ1EVuNGvgGTfK76WkljebQ0C4aY=w1600	assets/screenshots/motion-ease/02.png	PNG	1080	1920
motion-ease	03	https://play-lh.googleusercontent.com/gSJoHe9x2UCY2ymvf2JOH3O6gc3GgCF-mIwblgQ74sp4hGJldrUP-_U-NzZqxo0IbdTD3Fb_6-ybNBwtPcyhLg=w1600	assets/screenshots/motion-ease/03.png	PNG	1080	1920
business-news	01	https://play-lh.googleusercontent.com/BJOEr_QCdXNb2A-Ip6-bodlDz_rDukS4n-3A-mYZyyeSZTPeHFt8Z7BmtSEPvIltbD_Ujo7hKCZH4yw2dicxog=w1600	assets/screenshots/business-news/01.png	PNG	1080	1920
business-news	02	https://play-lh.googleusercontent.com/ZMh-n_8Cv9XB9GKuPqvDGbD1OGZttSadGwUr_xmtfy9dWdm7-CbamWfIr2-_8VUhhgYYAXmnmsMACDO7rih2CZI=w1600	assets/screenshots/business-news/02.png	PNG	1080	1920
business-news	03	https://play-lh.googleusercontent.com/iMBRzOsCVsDR315OhQrLuWFZ5KupS1d8WUIp2rzYqkYHebrEiDv-Q9TbSSbKY8r1wM0Kmagsx-1yWm66r3PvTA=w1600	assets/screenshots/business-news/03.png	PNG	1080	1920
